Title,Media URL,Pinterest board,Thumbnail,Description,Link,Publish date,Keywords
Create 60+ videos from one product video with AI UGC automation 1,https://ugcfarm.b-cdn.net/avatars/003.mp4,UGC AI Automation Examples - UGC.Farm,1,,,,
Create 60+ videos from one product video with AI UGC automation 2,https://ugcfarm.b-cdn.net/avatars/007.mp4,UGC AI Automation Examples - UGC.Farm,1,,,,
Create 60+ videos from one product video with AI UGC automation 3,https://ugcfarm.b-cdn.net/avatars/010.mp4,UGC AI Automation Examples - UGC.Farm,1,,,,
Create 60+ videos from one product video with AI UGC automation 4,https://ugcfarm.b-cdn.net/avatars/012.mp4,UGC AI Automation Examples - UGC.Farm,1,,,,
Create 60+ videos from one product video with AI UGC automation 5,https://ugcfarm.b-cdn.net/avatars/015.mp4,UGC AI Automation Examples - UGC.Farm,1,,,,
Create 60+ videos from one product video with AI UGC automation 6,https://ugcfarm.b-cdn.net/avatars/017.mp4,UGC AI Automation Examples - UGC.Farm,1,,,,
Create 60+ videos from one product video with AI UGC automation 7,https://ugcfarm.b-cdn.net/avatars/018.mp4,UGC AI Automation Examples - UGC.Farm,1,,,,
Create 60+ videos from one product video with AI UGC automation 8,https://ugcfarm.b-cdn.net/avatars/020.mp4,UGC AI Automation Examples - UGC.Farm,1,,,,
Create 60+ videos from one product video with AI UGC automation 9,https://ugcfarm.b-cdn.net/avatars/031.mp4,UGC AI Automation Examples - UGC.Farm,1,,,,
Create 60+ videos from one product video with AI UGC automation 10,https://ugcfarm.b-cdn.net/avatars/032.mp4,UGC AI Automation Examples - UGC.Farm,1,,,,
Create 60+ videos from one product video with AI UGC automation 11,https://ugcfarm.b-cdn.net/avatars/036.mp4,UGC AI Automation Examples - UGC.Farm,1,,,,
Create 60+ videos from one product video with AI UGC automation 12,https://ugcfarm.b-cdn.net/avatars/064.mp4,UGC AI Automation Examples - UGC.Farm,1,,,,
Create 60+ videos from one product video with AI UGC automation 13,https://ugcfarm.b-cdn.net/avatars/066.mp4,UGC AI Automation Examples - UGC.Farm,1,,,,
Create 60+ videos from one product video with AI UGC automation 14,https://ugcfarm.b-cdn.net/avatars/079.mp4,UGC AI Automation Examples - UGC.Farm,1,,,,
Create 60+ videos from one product video with AI UGC automation 15,https://ugcfarm.b-cdn.net/avatars/080.mp4,UGC AI Automation Examples - UGC.Farm,1,,,,
Create 60+ videos from one product video with AI UGC automation 16,https://ugcfarm.b-cdn.net/avatars/082.mp4,UGC AI Automation Examples - UGC.Farm,1,,,,
Create 60+ videos from one product video with AI UGC automation 17,https://ugcfarm.b-cdn.net/avatars/101.mp4,UGC AI Automation Examples - UGC.Farm,1,,,,
Create 60+ videos from one product video with AI UGC automation 18,https://ugcfarm.b-cdn.net/avatars/111.mp4,UGC AI Automation Examples - UGC.Farm,1,,,,
Create 60+ videos from one product video with AI UGC automation 19,https://ugcfarm.b-cdn.net/avatars/112.mp4,UGC AI Automation Examples - UGC.Farm,1,,,,
Create 60+ videos from one product video with AI UGC automation 20,https://ugcfarm.b-cdn.net/avatars/113.mp4,UGC AI Automation Examples - UGC.Farm,1,,,,
Create 60+ videos from one product video with AI UGC automation 21,https://ugcfarm.b-cdn.net/avatars/114.mp4,UGC AI Automation Examples - UGC.Farm,1,,,,
Create 60+ videos from one product video with AI UGC automation 22,https://ugcfarm.b-cdn.net/avatars/115.mp4,UGC AI Automation Examples - UGC.Farm,1,,,,
Create 60+ videos from one product video with AI UGC automation 23,https://ugcfarm.b-cdn.net/avatars/116.mp4,UGC AI Automation Examples - UGC.Farm,1,,,,
Create 60+ videos from one product video with AI UGC automation 24,https://ugcfarm.b-cdn.net/avatars/117.mp4,UGC AI Automation Examples - UGC.Farm,1,,,,